client_code,product,push_notification
1,–ö–∞—Ä—Ç–∞ –¥–ª—è –ø—É—Ç–µ—à–µ—Å—Ç–≤–∏–π,"**–ê–π–≥–µ—Ä–∏–º, –≤–∞—à–∏ —Ç–æ–ø-–∫–∞—Ç–µ–≥–æ—Ä–∏–∏ ‚Äî –ø—Ä–æ–¥—É–∫—Ç—ã, —Ä–µ—Å—Ç–æ—Ä–∞–Ω—ã –∏ –ø—É—Ç–µ—à–µ—Å—Ç–≤–∏—è**\n\n–ö—Ä–µ–¥–∏—Ç–Ω–∞—è –∫–∞—Ä—Ç–∞ –¥–∞—Å—Ç –¥–æ 10% –∫–µ—à–±—ç–∫–∞ –≤ –ª—é–±–∏–º—ã—Ö –∫–∞—Ç–µ–≥–æ—Ä–∏—è—Ö, –∫–æ—Ç–æ—Ä—ã–µ –≤—ã –≤—ã–±–∏—Ä–∞–µ—Ç–µ –∫–∞–∂–¥—ã–π –º–µ—Å—è—Ü, –ø–ª—é—Å 10% –Ω–∞ –æ–Ω–ª–∞–π–Ω-—Å–µ—Ä–≤–∏—Å—ã. –û—Ñ–æ—Ä–º–∏—Ç—å –∫–∞—Ä—Ç—É."
2,–ü—Ä–µ–º–∏–∞–ª—å–Ω–∞—è –∫–∞—Ä—Ç–∞,"–î–∞–Ω–∏—è—Ä, –ø—Ä–µ–º–∏–∞–ª—å–Ω–∞—è –∫–∞—Ä—Ç–∞ –¥–ª—è –ø—Ä–µ–º–∏–∞–ª—å–Ω–æ–≥–æ –∫–ª–∏–µ–Ω—Ç–∞\n\n–î–∞–Ω–∏—è—Ä, –≤—ã —É–∂–µ –æ—Ü–µ–Ω–∏–ª–∏ —É–¥–æ–±—Å—Ç–≤–æ —Ç—Ä–µ–≤–µ–ª-–∫–∞—Ä—Ç—ã. –ü—Ä–µ–º–∏–∞–ª—å–Ω–∞—è –∫–∞—Ä—Ç–∞ –¥–∞—Å—Ç –±–æ–ª—å—à–µ: 4% –∫–µ—à–±—ç–∫ –Ω–∞ —Ä–µ—Å—Ç–æ—Ä–∞–Ω—ã, –±–µ—Å–ø–ª–∞—Ç–Ω—ã–µ —Å–Ω—è—Ç–∏—è –¥–æ 3 –º–ª–Ω ‚Ç∏ –∏ –±–∞–∑–æ–≤—ã–π –∫–µ—à–±—ç–∫ 2-4%. –ü–µ—Ä–µ—Ö–æ–¥–∏—Ç–µ –Ω–∞ —É—Ä–æ–≤–µ–Ω—å –≤—ã—à–µ.\n\n–û—Ñ–æ—Ä–º–∏—Ç—å –ø—Ä–µ–º–∏–∞–ª—å–Ω—É—é –∫–∞—Ä—Ç—É"
3,–û–±–º–µ–Ω –≤–∞–ª—é—Ç,"–°–∞–±–∏–Ω–∞, –≤—ã–≥–æ–¥–Ω—ã–π –∫—É—Ä—Å –≤—Å–µ–≥–¥–∞ –ø–æ–¥ —Ä—É–∫–æ–π!\n\n–ó–∞–º–µ—Ç–∏–ª–∏, —á—Ç–æ –±–æ–ª—å—à–∏–Ω—Å—Ç–≤–æ –≤–∞—à–∏—Ö –æ–ø–µ—Ä–∞—Ü–∏–π –≤ —Ç–µ–Ω–≥–µ, –Ω–æ –∏–Ω–æ–≥–¥–∞ –Ω—É–∂–Ω–∞ –≤–∞–ª—é—Ç–∞? –í –ø—Ä–∏–ª–æ–∂–µ–Ω–∏–∏ –º–æ–∂–Ω–æ –æ–±–º–µ–Ω—è—Ç—å –ø–æ –≤—ã–≥–æ–¥–Ω–æ–º—É –∫—É—Ä—Å—É –±–µ–∑ –∫–æ–º–∏—Å—Å–∏–∏ –≤ –ª—é–±–æ–µ –≤—Ä–µ–º—è. –ü–ª—é—Å –Ω–∞—Å—Ç—Ä–æ–∏—Ç—å –∞–≤—Ç–æ-–ø–æ–∫—É–ø–∫—É –ø–æ —Ü–µ–ª–µ–≤–æ–º—É –∫—É—Ä—Å—É.\n\n–ù–∞—Å—Ç—Ä–æ–∏—Ç—å –æ–±–º–µ–Ω"
4,–ö–∞—Ä—Ç–∞ –¥–ª—è –ø—É—Ç–µ—à–µ—Å—Ç–≤–∏–π,"**–¢–∏–º—É—Ä, –±–æ–ª—å—à–µ –∫–µ—à–±—ç–∫–∞ —Å –≤–∞—à–∏—Ö —Ç—Ä–∞—Ç!**\n\n–í–∞—à–∏ —Ç–æ–ø-–∫–∞—Ç–µ–≥–æ—Ä–∏–∏ ‚Äî –ø—Ä–æ–¥—É–∫—Ç—ã, —Ä–µ—Å—Ç–æ—Ä–∞–Ω—ã –∏ —Ç–∞–∫—Å–∏. –ö—Ä–µ–¥–∏—Ç–Ω–∞—è –∫–∞—Ä—Ç–∞ –¥–∞—ë—Ç –¥–æ 10% –≤ –ª—é–±–∏–º—ã—Ö –∫–∞—Ç–µ–≥–æ—Ä–∏—è—Ö –∏ –Ω–∞ –æ–Ω–ª–∞–π–Ω-—Å–µ—Ä–≤–∏—Å—ã. –û—Ñ–æ—Ä–º–∏—Ç—å –∫–∞—Ä—Ç—É."
5,–ü—Ä–µ–º–∏–∞–ª—å–Ω–∞—è –∫–∞—Ä—Ç–∞,"**–ö–∞–º–∏–ª–ª–∞, –≤—Ä–µ–º—è –¥–ª—è –ø—Ä–µ–º–∏–∞–ª—å–Ω–æ–≥–æ —É—Ä–æ–≤–Ω—è!**\n\n–ö–∞–∫ –ø—Ä–µ–º–∏–∞–ª—å–Ω—ã–π –∫–ª–∏–µ–Ω—Ç, –≤—ã –∑–∞—Å–ª—É–∂–∏–≤–∞–µ—Ç–µ –±–æ–ª—å—à–µ –≤—ã–≥–æ–¥. –ü—Ä–µ–º–∏–∞–ª—å–Ω–∞—è –∫–∞—Ä—Ç–∞ –¥–∞—Å—Ç –≤–∞–º –¥–æ 4% –∫–µ—à–±—ç–∫–∞, –±–µ—Å–ø–ª–∞—Ç–Ω—ã–µ –ø–µ—Ä–µ–≤–æ–¥—ã –∏ —Å–Ω—è—Ç–∏–µ –Ω–∞–ª–∏—á–Ω—ã—Ö –¥–æ 3 –º–ª–Ω ‚Ç∏/–º–µ—Å –ø–æ –≤—Å–µ–º—É –º–∏—Ä—É.\n\n–û—Ñ–æ—Ä–º–∏—Ç—å –∫–∞—Ä—Ç—É"
6,–ö–∞—Ä—Ç–∞ –¥–ª—è –ø—É—Ç–µ—à–µ—Å—Ç–≤–∏–π,"**–ë–æ–ª—å—à–µ –∫–µ—à–±—ç–∫–∞ —Å –ª—é–±–∏–º—ã—Ö —Ç—Ä–∞—Ç**\n\n–ê—è–Ω, –≤–∞—à–∏ —Ç–æ–ø-–∫–∞—Ç–µ–≥–æ—Ä–∏–∏ ‚Äî –ø—Ä–æ–¥—É–∫—Ç—ã, —Ä–µ—Å—Ç–æ—Ä–∞–Ω—ã –∏ —Ç–∞–∫—Å–∏. –ö—Ä–µ–¥–∏—Ç–Ω–∞—è –∫–∞—Ä—Ç–∞ –¥–∞—ë—Ç –¥–æ 10% –≤ –ª—é–±–∏–º—ã—Ö –∫–∞—Ç–µ–≥–æ—Ä–∏—è—Ö –∏ –Ω–∞ –æ–Ω–ª–∞–π–Ω-—Å–µ—Ä–≤–∏—Å—ã. –û—Ñ–æ—Ä–º–∏—Ç—å –∫–∞—Ä—Ç—É."
7,–î–µ–ø–æ–∑–∏—Ç —Å–±–µ—Ä–µ–≥–∞—Ç–µ–ª—å–Ω—ã–π,"**–†—É—Å–ª–∞–Ω, –≤—Ä–µ–º—è –ø—Ä–∏—É–º–Ω–æ–∂–∏—Ç—å –∫–∞–ø–∏—Ç–∞–ª**\n\n–†—É—Å–ª–∞–Ω, –∫–∞–∫ –ø—Ä–µ–º–∏–∞–ª—å–Ω—ã–π –∫–ª–∏–µ–Ω—Ç –≤—ã —É–º–µ–µ—Ç–µ —É–ø—Ä–∞–≤–ª—è—Ç—å —Ñ–∏–Ω–∞–Ω—Å–∞–º–∏. –°–±–µ—Ä–µ–≥–∞—Ç–µ–ª—å–Ω—ã–π –¥–µ–ø–æ–∑–∏—Ç –ø–æ–¥ 16,50% –≥–æ–¥–æ–≤—ã—Ö –ø–æ–º–æ–∂–µ—Ç –∑–∞—Ñ–∏–∫—Å–∏—Ä–æ–≤–∞—Ç—å –¥–æ—Ö–æ–¥–Ω–æ—Å—Ç—å –Ω–∞ —Å—Ä–µ–¥—Å—Ç–≤–∞, –∫–æ—Ç–æ—Ä—ã–µ —Å–µ–π—á–∞—Å –Ω–µ –∏—Å–ø–æ–ª—å–∑—É–µ—Ç–µ. –û—Ç–∫—Ä—ã—Ç—å –≤–∫–ª–∞–¥."
8,–ü—Ä–µ–º–∏–∞–ª—å–Ω–∞—è –∫–∞—Ä—Ç–∞,"**–ú–∞–¥–∏–Ω–∞, –≤—Ä–µ–º—è –ø—Ä–∏—É–º–Ω–æ–∂–∏—Ç—å –Ω–∞–∫–æ–ø–ª–µ–Ω–∏—è**\n\n–£ –≤–∞—Å —Å—Ç–∞–±–∏–ª—å–Ω—ã–µ –ø–æ—Å—Ç—É–ø–ª–µ–Ω–∏—è –Ω–∞ –ø—Ä–µ–º–∏–∞–ª—å–Ω—É—é –∫–∞—Ä—Ç—É. –°–±–µ—Ä–µ–≥–∞—Ç–µ–ª—å–Ω—ã–π –¥–µ–ø–æ–∑–∏—Ç –ø–æ–¥ 16,50% –ø–æ–º–æ–∂–µ—Ç –ø–æ–ª—É—á–∏—Ç—å –º–∞–∫—Å–∏–º–∞–ª—å–Ω—ã–π –¥–æ—Ö–æ–¥ —Å –Ω–∞–∫–æ–ø–ª–µ–Ω–∏–π. –û—Ç–∫—Ä—ã—Ç—å –≤–∫–ª–∞–¥."
9,–î–µ–ø–æ–∑–∏—Ç —Å–±–µ—Ä–µ–≥–∞—Ç–µ–ª—å–Ω—ã–π,"**–ê—Ä–º–∞–Ω, –≤—Ä–µ–º—è –ø—Ä–∏—É–º–Ω–æ–∂–∏—Ç—å –∫–∞–ø–∏—Ç–∞–ª**\n\n–ö–∞–∫ –ø—Ä–µ–º–∏–∞–ª—å–Ω—ã–π –∫–ª–∏–µ–Ω—Ç, –≤—ã —É–º–µ–µ—Ç–µ —Ä–∞–±–æ—Ç–∞—Ç—å —Å –∫—Ä—É–ø–Ω—ã–º–∏ —Å—É–º–º–∞–º–∏. –°–±–µ—Ä–µ–≥–∞—Ç–µ–ª—å–Ω—ã–π –¥–µ–ø–æ–∑–∏—Ç –ø–æ–¥ 16,50% ‚Äî –Ω–∞–¥—ë–∂–Ω—ã–π —Å–ø–æ—Å–æ–± –∑–∞—Ñ–∏–∫—Å–∏—Ä–æ–≤–∞—Ç—å –¥–æ—Ö–æ–¥–Ω–æ—Å—Ç—å –Ω–∞ –≥–æ–¥ –±–µ–∑ –ª–∏—à–Ω–∏—Ö —Ö–ª–æ–ø–æ—Ç.\n\n–û—Ç–∫—Ä—ã—Ç—å –¥–µ–ø–æ–∑–∏—Ç"
10,–ü—Ä–µ–º–∏–∞–ª—å–Ω–∞—è –∫–∞—Ä—Ç–∞,"**–ö–∞—Ä–∏–Ω–∞, –≤—Ä–µ–º—è –ø—Ä–∏—É–º–Ω–æ–∂–∏—Ç—å –Ω–∞–∫–æ–ø–ª–µ–Ω–∏—è**\n\n–ó–∞–º–µ—Ç–∏–ª–∏, —á—Ç–æ —É –≤–∞—Å —Å—Ç–∞–±–∏–ª—å–Ω–æ –æ—Å—Ç–∞—é—Ç—Å—è —Å–≤–æ–±–æ–¥–Ω—ã–µ —Å—Ä–µ–¥—Å—Ç–≤–∞ –Ω–∞ –ø—Ä–µ–º–∏–∞–ª—å–Ω–æ–π –∫–∞—Ä—Ç–µ. –°–±–µ—Ä–µ–≥–∞—Ç–µ–ª—å–Ω—ã–π –¥–µ–ø–æ–∑–∏—Ç –ø–æ–¥ 16,50% –ø–æ–º–æ–∂–µ—Ç –ø–æ–ª—É—á–∏—Ç—å –º–∞–∫—Å–∏–º–∞–ª—å–Ω—ã–π –¥–æ—Ö–æ–¥ —Å –≤–∞—à–∏—Ö –Ω–∞–∫–æ–ø–ª–µ–Ω–∏–π.\n\n–û—Ç–∫—Ä—ã—Ç—å –≤–∫–ª–∞–¥"
11,–î–µ–ø–æ–∑–∏—Ç —Å–±–µ—Ä–µ–≥–∞—Ç–µ–ª—å–Ω—ã–π,"**–ë–∞—É—Ä–∂–∞–Ω, –≤—Ä–µ–º—è –ø—Ä–∏—É–º–Ω–æ–∂–∏—Ç—å –Ω–∞–∫–æ–ø–ª–µ–Ω–∏—è**\n\n–ë–∞—É—Ä–∂–∞–Ω, —É –≤–∞—Å —Å—Ç–∞–±–∏–ª—å–Ω–æ –≤—ã—Å–æ–∫–∏–µ –æ—Å—Ç–∞—Ç–∫–∏ –Ω–∞ —Å—á–µ—Ç—É. –°–±–µ—Ä–µ–≥–∞—Ç–µ–ª—å–Ω—ã–π –¥–µ–ø–æ–∑–∏—Ç –ø–æ–¥ 16,50% –ø–æ–º–æ–∂–µ—Ç –ø–æ–ª—É—á–∏—Ç—å –º–∞–∫—Å–∏–º–∞–ª—å–Ω—ã–π –¥–æ—Ö–æ–¥ —Å –≤–∞—à–∏—Ö —Å—Ä–µ–¥—Å—Ç–≤. –û—Ñ–æ—Ä–º–∏—Ç—å –¥–µ–ø–æ–∑–∏—Ç."
12,–ü—Ä–µ–º–∏–∞–ª—å–Ω–∞—è –∫–∞—Ä—Ç–∞,"–ñ–∞–Ω–∞—Ä, –ø–æ—Å—Ç–∞–≤—å—Ç–µ —Ü–µ–ª—å –Ω–∞ –Ω–∞–∫–æ–ø–ª–µ–Ω–∏—è üí∞\n\n–£ –≤–∞—Å —Å—Ç–∞–±–∏–ª—å–Ω—ã–µ –ø–æ—Å—Ç—É–ø–ª–µ–Ω–∏—è –Ω–∞ –ø—Ä–µ–º–∏–∞–ª—å–Ω—É—é –∫–∞—Ä—Ç—É. –ù–∞–∫–æ–ø–∏—Ç–µ–ª—å–Ω—ã–π –¥–µ–ø–æ–∑–∏—Ç –ø–æ–¥ 15,50% –ø–æ–º–æ–∂–µ—Ç –ø–ª–∞–Ω–æ–º–µ—Ä–Ω–æ –æ—Ç–∫–ª–∞–¥—ã–≤–∞—Ç—å –∏ –ø–æ–ª—É—á–∞—Ç—å –±–æ–ª—å—à–µ –¥–æ—Ö–æ–¥–∞. –û—Ç–∫—Ä—ã—Ç—å –≤–∫–ª–∞–¥."
13,–ö—Ä–µ–¥–∏—Ç–Ω–∞—è –∫–∞—Ä—Ç–∞,"**–ê–ª–∏–Ω–∞, –ø–ª–∞–Ω–∏—Ä—É–µ—Ç–µ –ø–æ–µ–∑–¥–∫–∏?**\n\n–í –∏—é–ª–µ —É –≤–∞—Å –±—ã–ª–æ –º–Ω–æ–≥–æ —Ç—Ä–∞—Ç –Ω–∞ –ø–æ–µ–∑–¥–∫–∏ –∏ —Ç–∞–∫—Å–∏. –ö–∞—Ä—Ç–∞ –¥–ª—è –ø—É—Ç–µ—à–µ—Å—Ç–≤–∏–π –≤–µ—Ä–Ω—ë—Ç 4% –∫–µ—à–±—ç–∫–∞ —Å —Ç–∞–∫–∏—Ö —Ä–∞—Å—Ö–æ–¥–æ–≤. –û—Å–æ–±–µ–Ω–Ω–æ –≤—ã–≥–æ–¥–Ω–æ –ø–µ—Ä–µ–¥ –∫–æ–Ω—Ü–µ—Ä—Ç–æ–º Backstreet Boys 19 —Å–µ–Ω—Ç—è–±—Ä—è!"
14,–ö—Ä–µ–¥–∏—Ç–Ω–∞—è –∫–∞—Ä—Ç–∞,"–î–∏–∞—Å, –≤ –∏—é–ª–µ –∑–∞–º–µ—Ç–∏–ª–∏ –º–Ω–æ–≥–æ –ø–æ–µ–∑–¥–æ–∫ –∏ —Ç–∞–∫—Å–∏ –≤ –≤–∞—à–∏—Ö —Ç—Ä–∞—Ç–∞—Ö. –ö–∞—Ä—Ç–∞ –¥–ª—è –ø—É—Ç–µ—à–µ—Å—Ç–≤–∏–π –≤–µ—Ä–Ω—É–ª–∞ –±—ã 4% –∫–µ—à–±—ç–∫–∞ —Å —ç—Ç–∏—Ö —Ä–∞—Å—Ö–æ–¥–æ–≤ –ø–ª—é—Å –ø—Ä–∏–≤–∏–ª–µ–≥–∏–∏ Visa Signature. –û—Ñ–æ—Ä–º–∏—Ç—å –∫–∞—Ä—Ç—É?"
15,–ö—Ä–µ–¥–∏—Ç–Ω–∞—è –∫–∞—Ä—Ç–∞,"–ù—É—Ä–∏—è, –≤—Ä–µ–º—è –ø—Ä–∏—É–º–Ω–æ–∂–∏—Ç—å –Ω–∞–∫–æ–ø–ª–µ–Ω–∏—è üí∞\n\n–£ –≤–∞—Å –µ—Å—Ç—å —Å–≤–æ–±–æ–¥–Ω—ã–µ —Å—Ä–µ–¥—Å—Ç–≤–∞ –Ω–∞ –∫—Ä–µ–¥–∏—Ç–Ω–æ–π –∫–∞—Ä—Ç–µ. –ù–∞–∫–æ–ø–∏—Ç–µ–ª—å–Ω—ã–π –¥–µ–ø–æ–∑–∏—Ç –ø–æ–¥ 15,50% –ø–æ–º–æ–∂–µ—Ç –ø–ª–∞–Ω–æ–º–µ—Ä–Ω–æ –æ—Ç–∫–ª–∞–¥—ã–≤–∞—Ç—å –∏ –ø–æ–ª—É—á–∞—Ç—å —Å—Ç–∞–±–∏–ª—å–Ω—ã–π –¥–æ—Ö–æ–¥. –ú–æ–∂–Ω–æ –ø–æ–ø–æ–ª–Ω—è—Ç—å –∫–æ–≥–¥–∞ —É–¥–æ–±–Ω–æ.\n\n–û—Ç–∫—Ä—ã—Ç—å –≤–∫–ª–∞–¥"
16,–ö—Ä–µ–¥–∏—Ç–Ω–∞—è –∫–∞—Ä—Ç–∞,"**üåç –í—Ä–µ–º—è –ø—É—Ç–µ—à–µ—Å—Ç–≤–æ–≤–∞—Ç—å –≤—ã–≥–æ–¥–Ω–æ!**\n\n–ï—Ä–∞—Å—ã–ª, –≤ –∏—é–ª–µ —É –≤–∞—Å –±—ã–ª–æ –º–Ω–æ–≥–æ –ø–æ–µ–∑–¥–æ–∫. –° –∫–∞—Ä—Ç–æ–π –¥–ª—è –ø—É—Ç–µ—à–µ—Å—Ç–≤–∏–π –≤—ã –±—ã –ø–æ–ª—É—á–∞–ª–∏ 4% –∫–µ—à–±—ç–∫ –Ω–∞ —Ç–∞–∫—Å–∏, –∞–≤–∏–∞–±–∏–ª–µ—Ç—ã –∏ –æ—Ç–µ–ª–∏. –û—Ñ–æ—Ä–º–∏—Ç—å –∫–∞—Ä—Ç—É?"
17,–ö—Ä–µ–¥–∏—Ç–Ω–∞—è –∫–∞—Ä—Ç–∞,"**‚úàÔ∏è –ñ–∞–Ω–µ–ª—å, –∞–≤–≥—É—Å—Ç –±—ã–ª –∞–∫—Ç–∏–≤–Ω—ã–º!**\n\n–í –∞–≤–≥—É—Å—Ç–µ —É –≤–∞—Å –º–Ω–æ–≥–æ —Ç—Ä–∞—Ç –Ω–∞ –ø–æ–µ–∑–¥–∫–∏ –∏ —Ç–∞–∫—Å–∏. –ö–∞—Ä—Ç–∞ –¥–ª—è –ø—É—Ç–µ—à–µ—Å—Ç–≤–∏–π –≤–µ—Ä–Ω—É–ª–∞ –±—ã 4% –∫–µ—à–±—ç–∫–æ–º —Å —ç—Ç–∏—Ö —Ä–∞—Å—Ö–æ–¥–æ–≤. –ü–ª—é—Å –ø—Ä–∏–≤–∏–ª–µ–≥–∏–∏ Visa Signature –¥–ª—è –æ—Ç–µ–ª–µ–π –∏ –∞–≤–∏–∞–±–∏–ª–µ—Ç–æ–≤.\n\n–û—Ñ–æ—Ä–º–∏—Ç—å –∫–∞—Ä—Ç—É"
18,–ö—Ä–µ–¥–∏—Ç–Ω–∞—è –∫–∞—Ä—Ç–∞,"–°–∞–Ω–∂–∞—Ä, –≤ –∏—é–Ω–µ —É –≤–∞—Å –±—ã–ª–æ –º–Ω–æ–≥–æ –ø–æ–µ–∑–¥–æ–∫ –∏ —Ç–∞–∫—Å–∏. –° –∫–∞—Ä—Ç–æ–π –¥–ª—è –ø—É—Ç–µ—à–µ—Å—Ç–≤–∏–π —á–∞—Å—Ç—å —Ä–∞—Å—Ö–æ–¥–æ–≤ –≤–µ—Ä–Ω—É–ª–∞—Å—å –±—ã 4% –∫–µ—à–±—ç–∫–æ–º. –•–æ—Ç–∏—Ç–µ –æ—Ñ–æ—Ä–º–∏—Ç—å?"
19,–û–±–º–µ–Ω –≤–∞–ª—é—Ç,"**–ê–∑–∞–º–∞—Ç, –±–æ–ª—å—à–µ –∫–µ—à–±—ç–∫–∞ —Å –≤–∞—à–∏—Ö —Ç—Ä–∞—Ç!**\n\n–í–∏–¥–∏–º, —á—Ç–æ –≤—ã —á–∞—Å—Ç–æ —Ç—Ä–∞—Ç–∏—Ç–µ –Ω–∞ –ø—Ä–æ–¥—É–∫—Ç—ã, —Ä–µ—Å—Ç–æ—Ä–∞–Ω—ã –∏ —Ç–∞–∫—Å–∏. –ö—Ä–µ–¥–∏—Ç–Ω–∞—è –∫–∞—Ä—Ç–∞ –¥–∞—Å—Ç –¥–æ 10% –∫–µ—à–±—ç–∫–∞ –≤ –≤–∞—à–∏—Ö –ª—é–±–∏–º—ã—Ö –∫–∞—Ç–µ–≥–æ—Ä–∏—è—Ö –ø–ª—é—Å 2 –º–µ—Å—è—Ü–∞ –±–µ–∑ –ø–µ—Ä–µ–ø–ª–∞—Ç—ã. –û—Ñ–æ—Ä–º–∏—Ç—å –∫–∞—Ä—Ç—É."
20,–û–±–º–µ–Ω –≤–∞–ª—é—Ç,"**–ê–Ω–µ–ª—å, –±–æ–ª—å—à–µ –∫–µ—à–±—ç–∫–∞ —Å –≤–∞—à–∏—Ö —Ç—Ä–∞—Ç!**\n\n–í–∞—à–∏ —Ç–æ–ø-–∫–∞—Ç–µ–≥–æ—Ä–∏–∏ ‚Äî –ø—Ä–æ–¥—É–∫—Ç—ã, —Ä–µ—Å—Ç–æ—Ä–∞–Ω—ã –∏ —Ç–∞–∫—Å–∏. –ö—Ä–µ–¥–∏—Ç–Ω–∞—è –∫–∞—Ä—Ç–∞ –¥–∞—ë—Ç –¥–æ 10% –≤ –ª—é–±–∏–º—ã—Ö –∫–∞—Ç–µ–≥–æ—Ä–∏—è—Ö –∏ –Ω–∞ –æ–Ω–ª–∞–π–Ω-—Å–µ—Ä–≤–∏—Å—ã. –û—Ñ–æ—Ä–º–∏—Ç—å –∫–∞—Ä—Ç—É."
21,–û–±–º–µ–Ω –≤–∞–ª—é—Ç,"–ü–∞–≤–µ–ª, –≤—ã–≥–æ–¥–Ω—ã–π —Å–ø–æ—Å–æ–± —Ö—Ä–∞–Ω–∏—Ç—å –≤–∞–ª—é—Ç—ã üí∞\n\n–í—ã –∞–∫—Ç–∏–≤–Ω–æ –ø–æ–ª—å–∑—É–µ—Ç–µ—Å—å –æ–±–º–µ–Ω–æ–º –≤–∞–ª—é—Ç ‚Äî –≤–∏–¥–∏–º, —á—Ç–æ —Ä–∞–±–æ—Ç–∞–µ—Ç–µ —Å —Ä–∞–∑–Ω—ã–º–∏ –≤–∞–ª—é—Ç–∞–º–∏. –ú—É–ª—å—Ç–∏–≤–∞–ª—é—Ç–Ω—ã–π –¥–µ–ø–æ–∑–∏—Ç –ø–æ–¥ 14,50% –ø–æ–∑–≤–æ–ª–∏—Ç –Ω–µ —Ç–æ–ª—å–∫–æ —Ö—Ä–∞–Ω–∏—Ç—å USD/EUR/RUB, –Ω–æ –∏ –ø–æ–ª—É—á–∞—Ç—å –¥–æ—Ö–æ–¥ —Å –≤–æ–∑–º–æ–∂–Ω–æ—Å—Ç—å—é –ø–æ–ø–æ–ª–Ω–µ–Ω–∏—è –∏ —Å–Ω—è—Ç–∏—è.\n\n–û—Ç–∫—Ä—ã—Ç—å –¥–µ–ø–æ–∑–∏—Ç"
22,–û–±–º–µ–Ω –≤–∞–ª—é—Ç,"**–ë–æ–ª—å—à–µ –∫–µ—à–±—ç–∫–∞ –∑–∞ –ª—é–±–∏–º—ã–µ –ø–æ–∫—É–ø–∫–∏**\n\n–ê—Ä—É–∂–∞–Ω, –≤—ã —á–∞—Å—Ç–æ —Ç—Ä–∞—Ç–∏—Ç–µ –Ω–∞ –ø—Ä–æ–¥—É–∫—Ç—ã, —Ä–µ—Å—Ç–æ—Ä–∞–Ω—ã –∏ —Ç–∞–∫—Å–∏. –ö—Ä–µ–¥–∏—Ç–Ω–∞—è –∫–∞—Ä—Ç–∞ –¥–∞—Å—Ç –¥–æ 10% –∫–µ—à–±—ç–∫–∞ –≤ –≤–∞—à–∏—Ö –ª—é–±–∏–º—ã—Ö –∫–∞—Ç–µ–≥–æ—Ä–∏—è—Ö –ø–ª—é—Å –±–æ–Ω—É—Å—ã –∑–∞ –æ–Ω–ª–∞–π–Ω-—Å–µ—Ä–≤–∏—Å—ã. –û—Ñ–æ—Ä–º–∏—Ç—å –∫–∞—Ä—Ç—É"
23,–û–±–º–µ–Ω –≤–∞–ª—é—Ç,"**–ö—Ä–µ–¥–∏—Ç–Ω–∞—è –∫–∞—Ä—Ç–∞ –¥–ª—è –≤–∞—à–∏—Ö —Ç—Ä–∞—Ç**\n\n–¢–µ–º–∏—Ä–ª–∞–Ω, –≤—ã –∞–∫—Ç–∏–≤–Ω–æ —Ç—Ä–∞—Ç–∏—Ç–µ –Ω–∞ –ø—Ä–æ–¥—É–∫—Ç—ã, —Ä–µ—Å—Ç–æ—Ä–∞–Ω—ã –∏ —Ç–∞–∫—Å–∏. –ö—Ä–µ–¥–∏—Ç–Ω–∞—è –∫–∞—Ä—Ç–∞ –¥–∞—Å—Ç –¥–æ 10% –∫–µ—à–±—ç–∫–∞ –≤ –ª—é–±–∏–º—ã—Ö –∫–∞—Ç–µ–≥–æ—Ä–∏—è—Ö –ø–ª—é—Å 10% –Ω–∞ –æ–Ω–ª–∞–π–Ω-—Å–µ—Ä–≤–∏—Å—ã. –û—Ñ–æ—Ä–º–∏—Ç—å –∫–∞—Ä—Ç—É?"
24,–û–±–º–µ–Ω –≤–∞–ª—é—Ç,"**–ë–æ–ª—å—à–µ –∫–µ—à–±—ç–∫–∞ –∑–∞ –ª—é–±–∏–º—ã–µ —Ç—Ä–∞—Ç—ã**\n\n–ì—É–ª—å–º–∏—Ä–∞, –≤—ã —á–∞—Å—Ç–æ —Ç—Ä–∞—Ç–∏—Ç–µ –Ω–∞ –ø—Ä–æ–¥—É–∫—Ç—ã, —Ä–µ—Å—Ç–æ—Ä–∞–Ω—ã –∏ —Ç–∞–∫—Å–∏. –ö—Ä–µ–¥–∏—Ç–Ω–∞—è –∫–∞—Ä—Ç–∞ –¥–∞—Å—Ç –¥–æ 10% –∫–µ—à–±—ç–∫–∞ –≤ –≤–∞—à–∏—Ö –ª—é–±–∏–º—ã—Ö –∫–∞—Ç–µ–≥–æ—Ä–∏—è—Ö –ø–ª—é—Å 2 –º–µ—Å—è—Ü–∞ –±–µ–∑ –ø–µ—Ä–µ–ø–ª–∞—Ç—ã. –û—Ñ–æ—Ä–º–∏—Ç—å –∫–∞—Ä—Ç—É."
25,–ö—Ä–µ–¥–∏—Ç–Ω–∞—è –∫–∞—Ä—Ç–∞,"**–ê–¥–∏–ª—å, –±–æ–ª—å—à–µ –∫–µ—à–±—ç–∫–∞ —Å –≤–∞—à–∏—Ö —Ç—Ä–∞—Ç!**\n\n–í–∏–¥–∏–º, —á—Ç–æ –≤—ã —á–∞—Å—Ç–æ —Ç—Ä–∞—Ç–∏—Ç–µ –Ω–∞ –ø—Ä–æ–¥—É–∫—Ç—ã, —Ä–µ—Å—Ç–æ—Ä–∞–Ω—ã –∏ —Ç–∞–∫—Å–∏. –ö—Ä–µ–¥–∏—Ç–Ω–∞—è –∫–∞—Ä—Ç–∞ –¥–∞—Å—Ç –¥–æ 10% –∫–µ—à–±—ç–∫–∞ –≤ –ª—é–±–∏–º—ã—Ö –∫–∞—Ç–µ–≥–æ—Ä–∏—è—Ö –ø–ª—é—Å 10% –Ω–∞ –æ–Ω–ª–∞–π–Ω-—Å–µ—Ä–≤–∏—Å—ã. –û—Ñ–æ—Ä–º–∏—Ç—å –∫–∞—Ä—Ç—É?"
26,–ö–∞—Ä—Ç–∞ –¥–ª—è –ø—É—Ç–µ—à–µ—Å—Ç–≤–∏–π,"**–ú–∞—Ä–∂–∞–Ω, –ø–ª–∞–Ω–∏—Ä—É–µ—Ç–µ –ø–æ–µ–∑–¥–∫–∏ –Ω–∞ –≤—ã—Ö–æ–¥–Ω—ã–µ?**\n\n–í –∞–≤–≥—É—Å—Ç–µ –∑–∞–º–µ—Ç–∏–ª–∏ –≤–∞—à–∏ —á–∞—Å—Ç—ã–µ –ø–µ—Ä–µ–º–µ—â–µ–Ω–∏—è –ø–æ –≥–æ—Ä–æ–¥—É. –ö–∞—Ä—Ç–∞ –¥–ª—è –ø—É—Ç–µ—à–µ—Å—Ç–≤–∏–π –≤–µ—Ä–Ω—ë—Ç 4% –∫–µ—à–±—ç–∫–∞ —Å —Ç–∞–∫—Å–∏ –∏ –ø–æ–µ–∑–¥–æ–∫ ‚Äî —á–∞—Å—Ç—å —Ç—Ä–∞—Ç –æ–∫—É–ø–∏—Ç—Å—è —Å–∞–º–∞. –û—Ñ–æ—Ä–º–∏—Ç—å –∫–∞—Ä—Ç—É."
27,–ö–∞—Ä—Ç–∞ –¥–ª—è –ø—É—Ç–µ—à–µ—Å—Ç–≤–∏–π,"**–ù—É—Ä—Å—É–ª—Ç–∞–Ω, –≥–æ—Ç–æ–≤—ã –∫ –ø—É—Ç–µ—à–µ—Å—Ç–≤–∏—è–º?**\n\n–í –∞–≤–≥—É—Å—Ç–µ —É –≤–∞—Å –±—ã–ª–æ –º–Ω–æ–≥–æ –ø–æ–µ–∑–¥–æ–∫. –° –∫–∞—Ä—Ç–æ–π –¥–ª—è –ø—É—Ç–µ—à–µ—Å—Ç–≤–∏–π 4% –æ—Ç —Ç—Ä–∞—Ç –Ω–∞ —Ç–∞–∫—Å–∏ –∏ –∞–≤–∏–∞–±–∏–ª–µ—Ç—ã –≤–µ—Ä–Ω—É–ª–∏—Å—å –±—ã –∫–µ—à–±—ç–∫–æ–º. –û—Ñ–æ—Ä–º–∏—Ç—å –∫–∞—Ä—Ç—É."
28,–ö–∞—Ä—Ç–∞ –¥–ª—è –ø—É—Ç–µ—à–µ—Å—Ç–≤–∏–π,"**–ê–ª—Ç—ã–Ω–∞–π, –∞–≤–≥—É—Å—Ç –±—ã–ª –∞–∫—Ç–∏–≤–Ω—ã–º –º–µ—Å—è—Ü–µ–º?**\n\n–ó–∞–º–µ—Ç–∏–ª–∏ –≤–∞—à–∏ –ø–æ–µ–∑–¥–∫–∏ –≤ –∞–≤–≥—É—Å—Ç–µ. –ö–∞—Ä—Ç–∞ –¥–ª—è –ø—É—Ç–µ—à–µ—Å—Ç–≤–∏–π –≤–µ—Ä–Ω—É–ª–∞ –±—ã 4% –∫–µ—à–±—ç–∫–∞ —Å —Ç–∞–∫—Å–∏ –∏ —Ç—Ä–∞–Ω—Å–ø–æ—Ä—Ç–∞. –û—Ñ–æ—Ä–º–∏—Ç—å –∫–∞—Ä—Ç—É –∏ —ç–∫–æ–Ω–æ–º–∏—Ç—å –Ω–∞ –±—É–¥—É—â–∏—Ö –ø–æ–µ–∑–¥–∫–∞—Ö?"
29,–ö–∞—Ä—Ç–∞ –¥–ª—è –ø—É—Ç–µ—à–µ—Å—Ç–≤–∏–π,"**–°–∞—è, –ø–ª–∞–Ω–∏—Ä—É–µ—Ç–µ –ø–æ–µ–∑–¥–∫–∏ –Ω–∞ –≤—ã—Ö–æ–¥–Ω—ã–µ?**\n\n–í –∞–≤–≥—É—Å—Ç–µ –∑–∞–º–µ—Ç–∏–ª–∏ –≤–∞—à–∏ —á–∞—Å—Ç—ã–µ –ø–µ—Ä–µ–º–µ—â–µ–Ω–∏—è –ø–æ –≥–æ—Ä–æ–¥—É. –ö–∞—Ä—Ç–∞ –¥–ª—è –ø—É—Ç–µ—à–µ—Å—Ç–≤–∏–π –≤–µ—Ä–Ω—ë—Ç 4% –∫–µ—à–±—ç–∫–∞ —Å —Ç–∞–∫—Å–∏, –ø–æ–µ–∑–¥–æ–≤ –∏ –æ—Ç–µ–ª–µ–π ‚Äî –∫–∞–∫ —Ä–∞–∑ –∫ –ø—Ä–µ–¥—Å—Ç–æ—è—â–∏–º –≤—ã—Ö–æ–¥–Ω—ã–º.\n\n–û—Ñ–æ—Ä–º–∏—Ç—å –∫–∞—Ä—Ç—É"
30,–ö–∞—Ä—Ç–∞ –¥–ª—è –ø—É—Ç–µ—à–µ—Å—Ç–≤–∏–π,"**–ï—Ä–±–æ–ª, –∞–≤–≥—É—Å—Ç –±—ã–ª –∞–∫—Ç–∏–≤–Ω—ã–º –º–µ—Å—è—Ü–µ–º?**\n\n–ó–∞–º–µ—Ç–∏–ª–∏ –≤–∞—à–∏ –ø–æ–µ–∑–¥–∫–∏ –≤ –∞–≤–≥—É—Å—Ç–µ. –ö–∞—Ä—Ç–∞ –¥–ª—è –ø—É—Ç–µ—à–µ—Å—Ç–≤–∏–π –≤–µ—Ä–Ω—É–ª–∞ –±—ã 4% –∫–µ—à–±—ç–∫–æ–º —Å —Ç–∞–∫—Å–∏ –∏ —Ç—Ä–∞–Ω—Å–ø–æ—Ä—Ç–∞. –û—Ñ–æ—Ä–º–∏—Ç—å –∫–∞—Ä—Ç—É."
31,–ü—Ä–µ–º–∏–∞–ª—å–Ω–∞—è –∫–∞—Ä—Ç–∞,"**–î–∞–º–∏—Ä, –≤—Ä–µ–º—è –¥–ª—è –ø—Ä–µ–º–∏–∞–ª—å–Ω—ã—Ö –≤–æ–∑–º–æ–∂–Ω–æ—Å—Ç–µ–π**\n\n–î–∞–º–∏—Ä, –≤—ã —É–∂–µ –¥–æ–≤–µ—Ä—è–µ—Ç–µ –Ω–∞–º —Å–≤–æ–∏ —Å–±–µ—Ä–µ–∂–µ–Ω–∏—è –≤ –º—É–ª—å—Ç–∏–≤–∞–ª—é—Ç–Ω–æ–º –¥–µ–ø–æ–∑–∏—Ç–µ. –ü—Ä–µ–º–∏–∞–ª—å–Ω–∞—è –∫–∞—Ä—Ç–∞ –¥–∞—Å—Ç –¥–æ 4% –∫–µ—à–±—ç–∫–∞, –±–µ—Å–ø–ª–∞—Ç–Ω—ã–µ —Å–Ω—è—Ç–∏—è –¥–æ 3 –º–ª–Ω ‚Ç∏ –∏ –ø–µ—Ä–µ–≤–æ–¥—ã –±–µ–∑ –∫–æ–º–∏—Å—Å–∏–π. –û—Ñ–æ—Ä–º–∏—Ç—å –∫–∞—Ä—Ç—É"
32,–î–µ–ø–æ–∑–∏—Ç —Å–±–µ—Ä–µ–≥–∞—Ç–µ–ª—å–Ω—ã–π,"**–ê–ª–∏—è, —É–≤–µ–ª–∏—á—å—Ç–µ –¥–æ—Ö–æ–¥–Ω–æ—Å—Ç—å –Ω–∞ 2%**\n\n–£ –≤–∞—Å –º—É–ª—å—Ç–∏–≤–∞–ª—é—Ç–Ω—ã–π –¥–µ–ø–æ–∑–∏—Ç —Å –≥–∏–±–∫–∏–º –¥–æ—Å—Ç—É–ø–æ–º –∫ —Å—Ä–µ–¥—Å—Ç–≤–∞–º. –°–±–µ—Ä–µ–≥–∞—Ç–µ–ª—å–Ω—ã–π –¥–µ–ø–æ–∑–∏—Ç –¥–∞—ë—Ç 16,50% –≥–æ–¥–æ–≤—ã—Ö –≤–º–µ—Å—Ç–æ 14,50% ‚Äî –≤—ã—à–µ –Ω–∞ 2%. –ü–æ–¥—Ö–æ–¥–∏—Ç –¥–ª—è —á–∞—Å—Ç–∏ —Å—Ä–µ–¥—Å—Ç–≤, –∫–æ—Ç–æ—Ä—ã–µ –Ω–µ –ø–ª–∞–Ω–∏—Ä—É–µ—Ç–µ —Å–Ω–∏–º–∞—Ç—å."
33,–ü—Ä–µ–º–∏–∞–ª—å–Ω–∞—è –∫–∞—Ä—Ç–∞,"**–ú–µ—Ä–µ–π, –≤—Ä–µ–º—è –¥–ª—è –ø—Ä–µ–º–∏–∞–ª—å–Ω–æ–≥–æ —É—Ä–æ–≤–Ω—è**\n\n–£ –≤–∞—Å –º—É–ª—å—Ç–∏–≤–∞–ª—é—Ç–Ω—ã–π –¥–µ–ø–æ–∑–∏—Ç ‚Äî –≤–∏–¥–∏–º, —á—Ç–æ —É–º–µ–µ—Ç–µ —É–ø—Ä–∞–≤–ª—è—Ç—å —Ñ–∏–Ω–∞–Ω—Å–∞–º–∏. –ü—Ä–µ–º–∏–∞–ª—å–Ω–∞—è –∫–∞—Ä—Ç–∞ –¥–∞—Å—Ç –¥–æ 4% –∫–µ—à–±—ç–∫, –±–µ—Å–ø–ª–∞—Ç–Ω—ã–µ –ø–µ—Ä–µ–≤–æ–¥—ã –∏ —Å–Ω—è—Ç–∏–µ –Ω–∞–ª–∏—á–Ω—ã—Ö –ø–æ –º–∏—Ä—É –¥–æ 3 –º–ª–Ω ‚Ç∏/–º–µ—Å. –û—Ñ–æ—Ä–º–∏—Ç—å –∫–∞—Ä—Ç—É."
34,–ö—Ä–µ–¥–∏—Ç–Ω–∞—è –∫–∞—Ä—Ç–∞,"**–ë–æ–ª—å—à–µ –∫–µ—à–±—ç–∫–∞ —Å –ª—é–±–∏–º—ã—Ö —Ç—Ä–∞—Ç**\n\n–ò–Ω–∫–∞—Ä, –≤–∞—à–∏ —Ç–æ–ø-–∫–∞—Ç–µ–≥–æ—Ä–∏–∏ ‚Äî –ø—Ä–æ–¥—É–∫—Ç—ã, —Ä–µ—Å—Ç–æ—Ä–∞–Ω—ã –∏ —Ç–∞–∫—Å–∏. –ö—Ä–µ–¥–∏—Ç–Ω–∞—è –∫–∞—Ä—Ç–∞ –¥–∞—ë—Ç –¥–æ 10% –≤ –ª—é–±–∏–º—ã—Ö –∫–∞—Ç–µ–≥–æ—Ä–∏—è—Ö –∏ –Ω–∞ –æ–Ω–ª–∞–π–Ω-—Å–µ—Ä–≤–∏—Å—ã. –û—Ñ–æ—Ä–º–∏—Ç—å –∫–∞—Ä—Ç—É."
35,–ü—Ä–µ–º–∏–∞–ª—å–Ω–∞—è –∫–∞—Ä—Ç–∞,"**–°–∞–º–∞—Ç, –≤—Ä–µ–º—è –ø—Ä–µ–º–∏–∞–ª—å–Ω—ã—Ö –ø—Ä–∏–≤–∏–ª–µ–≥–∏–π**\n\n–ö–∞–∫ –ø—Ä–µ–º–∏–∞–ª—å–Ω—ã–π –∫–ª–∏–µ–Ω—Ç —Å –º—É–ª—å—Ç–∏–≤–∞–ª—é—Ç–Ω—ã–º –¥–µ–ø–æ–∑–∏—Ç–æ–º, –≤—ã —Ü–µ–Ω–∏—Ç–µ –∫–∞—á–µ—Å—Ç–≤–µ–Ω–Ω—ã–µ —Ñ–∏–Ω–∞–Ω—Å–æ–≤—ã–µ —Ä–µ—à–µ–Ω–∏—è. –ü—Ä–µ–º–∏–∞–ª—å–Ω–∞—è –∫–∞—Ä—Ç–∞ –¥–∞—Å—Ç 2-4% –∫–µ—à–±—ç–∫, –±–µ—Å–ø–ª–∞—Ç–Ω—ã–µ —Å–Ω—è—Ç–∏—è –¥–æ 3 –º–ª–Ω ‚Ç∏ –∏ –æ—Å–æ–±—ã–µ —É—Å–ª–æ–≤–∏—è –¥–ª—è —Ä–µ—Å—Ç–æ—Ä–∞–Ω–æ–≤. –û—Ñ–æ—Ä–º–∏—Ç—å –∫–∞—Ä—Ç—É."
36,–ü—Ä–µ–º–∏–∞–ª—å–Ω–∞—è –∫–∞—Ä—Ç–∞,"**–ù–∞–∑—ã–º, –≤—Ä–µ–º—è –¥–ª—è –ø—Ä–µ–º–∏–∞–ª—å–Ω—ã—Ö –≤–æ–∑–º–æ–∂–Ω–æ—Å—Ç–µ–π!**\n\n–£ –≤–∞—Å –º—É–ª—å—Ç–∏–≤–∞–ª—é—Ç–Ω—ã–π –¥–µ–ø–æ–∑–∏—Ç ‚Äî –æ—Ç–ª–∏—á–Ω–æ–µ –Ω–∞—á–∞–ª–æ –¥–ª—è —É–ø—Ä–∞–≤–ª–µ–Ω–∏—è —Ñ–∏–Ω–∞–Ω—Å–∞–º–∏. –ü—Ä–µ–º–∏–∞–ª—å–Ω–∞—è –∫–∞—Ä—Ç–∞ –¥–∞—Å—Ç –±–∞–∑–æ–≤—ã–π –∫–µ—à–±—ç–∫ 2%, –ø–æ–≤—ã—à–µ–Ω–Ω—ã–π 4% –≤ —Ä–µ—Å—Ç–æ—Ä–∞–Ω–∞—Ö –∏ —é–≤–µ–ª–∏—Ä–Ω—ã—Ö, –ø–ª—é—Å –±–µ—Å–ø–ª–∞—Ç–Ω—ã–µ —Å–Ω—è—Ç–∏—è –ø–æ –º–∏—Ä—É –¥–æ 3 –º–ª–Ω ‚Ç∏. –û—Ñ–æ—Ä–º–∏—Ç—å –∫–∞—Ä—Ç—É."
37,–ü—Ä–µ–º–∏–∞–ª—å–Ω–∞—è –∫–∞—Ä—Ç–∞,"**–ì—É–ª—å–Ω–∞—Ä, –≤—Ä–µ–º—è –¥–ª—è –ø—Ä–µ–º–∏–∞–ª—å–Ω—ã—Ö –≤–æ–∑–º–æ–∂–Ω–æ—Å—Ç–µ–π**\n\n–í—ã —É–º–µ–µ—Ç–µ —Å–æ—Ö—Ä–∞–Ω—è—Ç—å —Å—Ä–µ–¥—Å—Ç–≤–∞ –Ω–∞ –¥–µ–ø–æ–∑–∏—Ç–µ ‚Äî —Ç–µ–ø–µ—Ä—å —Å—Ç–æ–∏—Ç –ø–æ–ª—É—á–∞—Ç—å –±–æ–ª—å—à–µ –æ—Ç –µ–∂–µ–¥–Ω–µ–≤–Ω—ã—Ö —Ç—Ä–∞—Ç. –ü—Ä–µ–º–∏–∞–ª—å–Ω–∞—è –∫–∞—Ä—Ç–∞ –¥–∞—Å—Ç –¥–æ 4% –∫–µ—à–±—ç–∫–∞ –∏ –±–µ—Å–ø–ª–∞—Ç–Ω—ã–µ –ø–µ—Ä–µ–≤–æ–¥—ã –ø–æ –†–ö. –û—Ñ–æ—Ä–º–∏—Ç—å –∫–∞—Ä—Ç—É."
38,–î–µ–ø–æ–∑–∏—Ç —Å–±–µ—Ä–µ–≥–∞—Ç–µ–ª—å–Ω—ã–π,"**–°–µ—Ä–∏–∫, –≤–∞—à –¥–µ–ø–æ–∑–∏—Ç —Å–∫–æ—Ä–æ –∑–∞–∫—Ä–æ–µ—Ç—Å—è?**\n\n–ö–∞–∫ –ø—Ä–µ–º–∏–∞–ª—å–Ω—ã–π –∫–ª–∏–µ–Ω—Ç, –≤—ã –º–æ–∂–µ—Ç–µ –ø—Ä–æ–¥–ª–∏—Ç—å —Å–±–µ—Ä–µ–≥–∞—Ç–µ–ª—å–Ω—ã–π –≤–∫–ª–∞–¥ –ø–æ–¥ 16,50% –∏–ª–∏ –æ—Ç–∫—Ä—ã—Ç—å –Ω–æ–≤—ã–π. –°—Ä–µ–¥—Å—Ç–≤–∞ –æ—Å—Ç–∞–Ω—É—Ç—Å—è –ø–æ–¥ –∑–∞—â–∏—Ç–æ–π –∏ –±—É–¥—É—Ç –ø—Ä–∏–Ω–æ—Å–∏—Ç—å –º–∞–∫—Å–∏–º–∞–ª—å–Ω—ã–π –¥–æ—Ö–æ–¥.\n\n–ü—Ä–æ–¥–ª–∏—Ç—å –¥–µ–ø–æ–∑–∏—Ç"
39,–ü—Ä–µ–º–∏–∞–ª—å–Ω–∞—è –∫–∞—Ä—Ç–∞,"–õ—è–∑–∑–∞—Ç, –ø—Ä–µ–º–∏–∞–ª—å–Ω–∞—è –∫–∞—Ä—Ç–∞ –¥–ª—è –∞–∫—Ç–∏–≤–Ω—ã—Ö –∫–ª–∏–µ–Ω—Ç–æ–≤\n\n–õ—è–∑–∑–∞—Ç, —É –≤–∞—Å –¥–µ–ø–æ–∑–∏—Ç –∏ —Å—Ç–∞–±–∏–ª—å–Ω—ã–µ –æ–±–æ—Ä–æ—Ç—ã ‚Äî –ø—Ä–µ–º–∏–∞–ª—å–Ω–∞—è –∫–∞—Ä—Ç–∞ –¥–∞—Å—Ç –¥–æ 4% –∫–µ—à–±—ç–∫ –∏ –±–µ—Å–ø–ª–∞—Ç–Ω—ã–µ –ø–µ—Ä–µ–≤–æ–¥—ã –ø–æ –ö–∞–∑–∞—Ö—Å—Ç–∞–Ω—É. –û—Ñ–æ—Ä–º–∏—Ç—å –∫–∞—Ä—Ç—É."
40,–ö—Ä–µ–¥–∏—Ç–Ω–∞—è –∫–∞—Ä—Ç–∞,"**–ë–æ–ª—å—à–µ –∫–µ—à–±—ç–∫–∞ —Å –≤–∞—à–∏—Ö —Ç—Ä–∞—Ç**\n\n–ê—Å—Ö–∞—Ç, –≤—ã —á–∞—Å—Ç–æ —Ç—Ä–∞—Ç–∏—Ç–µ –Ω–∞ –ø—Ä–æ–¥—É–∫—Ç—ã, —Ä–µ—Å—Ç–æ—Ä–∞–Ω—ã –∏ —Ç–∞–∫—Å–∏. –ö—Ä–µ–¥–∏—Ç–Ω–∞—è –∫–∞—Ä—Ç–∞ –¥–∞—Å—Ç –¥–æ 10% –∫–µ—à–±—ç–∫–∞ –≤ –ª—é–±–∏–º—ã—Ö –∫–∞—Ç–µ–≥–æ—Ä–∏—è—Ö –ø–ª—é—Å 2 –º–µ—Å—è—Ü–∞ –±–µ–∑ –ø—Ä–æ—Ü–µ–Ω—Ç–æ–≤. –û—Ñ–æ—Ä–º–∏—Ç—å –∫–∞—Ä—Ç—É"
41,–ü—Ä–µ–º–∏–∞–ª—å–Ω–∞—è –∫–∞—Ä—Ç–∞,"–°–∞–Ω–¥—É–≥–∞—à, –≤–∞—à –¥–µ–ø–æ–∑–∏—Ç —Ä–∞–±–æ—Ç–∞–µ—Ç –æ—Ç–ª–∏—á–Ω–æ! –ü—Ä–µ–º–∏–∞–ª—å–Ω–∞—è –∫–∞—Ä—Ç–∞ –¥–æ–ø–æ–ª–Ω–∏—Ç –µ–≥–æ ‚Äî 2-4% –∫–µ—à–±—ç–∫ —Å –ø–æ–∫—É–ø–æ–∫ –∏ –±–µ—Å–ø–ª–∞—Ç–Ω—ã–µ –ø–µ—Ä–µ–≤–æ–¥—ã. –î–≤–æ–π–Ω–∞—è –≤—ã–≥–æ–¥–∞ –æ—Ç —Å—Ä–µ–¥—Å—Ç–≤. –û—Ñ–æ—Ä–º–∏—Ç—å –∫–∞—Ä—Ç—É."
42,–î–µ–ø–æ–∑–∏—Ç —Å–±–µ—Ä–µ–≥–∞—Ç–µ–ª—å–Ω—ã–π,"**–†—É—Å—Ç–µ–º, –≤–∞—à –¥–µ–ø–æ–∑–∏—Ç —Å–∫–æ—Ä–æ –∑–∞–≤–µ—Ä—à–∞–µ—Ç—Å—è**\n\n–ö–∞–∫ –ø—Ä–µ–º–∏–∞–ª—å–Ω—ã–π –∫–ª–∏–µ–Ω—Ç, –≤—ã –º–æ–∂–µ—Ç–µ –ø—Ä–æ–¥–ª–∏—Ç—å —Å–±–µ—Ä–µ–≥–∞—Ç–µ–ª—å–Ω—ã–π –¥–µ–ø–æ–∑–∏—Ç –ø–æ–¥ 16,50% –≥–æ–¥–æ–≤—ã—Ö. –°—Ä–µ–¥—Å—Ç–≤–∞ –æ—Å—Ç–∞–Ω—É—Ç—Å—è –∑–∞—â–∏—â–µ–Ω–Ω—ã–º–∏ –∏ –±—É–¥—É—Ç –ø—Ä–∏–Ω–æ—Å–∏—Ç—å –º–∞–∫—Å–∏–º–∞–ª—å–Ω—ã–π –¥–æ—Ö–æ–¥. –ü—Ä–æ–¥–ª–∏—Ç—å –¥–µ–ø–æ–∑–∏—Ç."
43,–ö—Ä–µ–¥–∏—Ç–Ω–∞—è –∫–∞—Ä—Ç–∞,"**–ë–æ–ª—å—à–µ –∫–µ—à–±—ç–∫–∞ —Å –≤–∞—à–∏—Ö —Ç—Ä–∞—Ç**\n\n–ù—É—Ä—Ç–∞—Å, –≤–∞—à–∏ —Ç–æ–ø-–∫–∞—Ç–µ–≥–æ—Ä–∏–∏ ‚Äî –ø—Ä–æ–¥—É–∫—Ç—ã, —Ä–µ—Å—Ç–æ—Ä–∞–Ω—ã –∏ —Ç–∞–∫—Å–∏. –ö—Ä–µ–¥–∏—Ç–Ω–∞—è –∫–∞—Ä—Ç–∞ –¥–∞—ë—Ç –¥–æ 10% –≤ –ª—é–±–∏–º—ã—Ö –∫–∞—Ç–µ–≥–æ—Ä–∏—è—Ö –∏ –Ω–∞ –æ–Ω–ª–∞–π–Ω-—Å–µ—Ä–≤–∏—Å—ã. –û—Ñ–æ—Ä–º–∏—Ç—å –∫–∞—Ä—Ç—É."
44,–ö—Ä–µ–¥–∏—Ç–Ω–∞—è –∫–∞—Ä—Ç–∞,"**–ö—Ä–µ–¥–∏—Ç–Ω–∞—è –∫–∞—Ä—Ç–∞ –¥–ª—è –≤–∞—à–∏—Ö –ª—é–±–∏–º—ã—Ö —Ç—Ä–∞—Ç**\n\n–ê–π–Ω–∞–≥—É–ª—å, –≤–∞—à–∏ —Ç–æ–ø-–∫–∞—Ç–µ–≥–æ—Ä–∏–∏ ‚Äî –ø—Ä–æ–¥—É–∫—Ç—ã –ø–∏—Ç–∞–Ω–∏—è, –∫–∞—Ñ–µ –∏ —Ä–µ—Å—Ç–æ—Ä–∞–Ω—ã, —Ç–∞–∫—Å–∏. –ö—Ä–µ–¥–∏—Ç–Ω–∞—è –∫–∞—Ä—Ç–∞ –¥–∞—ë—Ç –¥–æ 10% –∫–µ—à–±—ç–∫–∞ –≤ –ª—é–±–∏–º—ã—Ö –∫–∞—Ç–µ–≥–æ—Ä–∏—è—Ö –ø–ª—é—Å —Ä–∞—Å—Å—Ä–æ—á–∫—É –¥–æ 24 –º–µ—Å—è—Ü–µ–≤. –û—Ñ–æ—Ä–º–∏—Ç—å –∫–∞—Ä—Ç—É"
45,–ö—Ä–µ–¥–∏—Ç–Ω–∞—è –∫–∞—Ä—Ç–∞,"**–î–∏–∞–Ω–∞, –≤–∞—à–∏ —Ç–æ–ø-–∫–∞—Ç–µ–≥–æ—Ä–∏–∏ ‚Äî —Ä–µ–º–æ–Ω—Ç –¥–æ–º–∞, —é–≤–µ–ª–∏—Ä–Ω—ã–µ —É–∫—Ä–∞—à–µ–Ω–∏—è –∏ —Ä–µ—Å—Ç–æ—Ä–∞–Ω—ã**\n\n–£ –≤–∞—Å –æ—Ç–ª–∏—á–Ω—ã–π –≤–∫—É—Å –≤ —Ç—Ä–∞—Ç–∞—Ö! –ö—Ä–µ–¥–∏—Ç–Ω–∞—è –∫–∞—Ä—Ç–∞ –¥–∞—Å—Ç –¥–æ 10% –∫–µ—à–±—ç–∫–∞ –≤ –ª—é–±–∏–º—ã—Ö –∫–∞—Ç–µ–≥–æ—Ä–∏—è—Ö –∏ –Ω–∞ –æ–Ω–ª–∞–π–Ω-—Å–µ—Ä–≤–∏—Å—ã. –ü–ª—é—Å 2 –º–µ—Å—è—Ü–∞ –±–µ–∑ –ø–µ—Ä–µ–ø–ª–∞—Ç.\n\n–û—Ñ–æ—Ä–º–∏—Ç—å –∫–∞—Ä—Ç—É"
46,–ö—Ä–µ–¥–∏—Ç–Ω–∞—è –∫–∞—Ä—Ç–∞,"**–ë–æ–ª—å—à–µ –∫–µ—à–±—ç–∫–∞ —Å –≤–∞—à–∏—Ö —Ç—Ä–∞—Ç**\n\n–ê—Ä—Å–µ–Ω, –≤—ã —á–∞—Å—Ç–æ —Ç—Ä–∞—Ç–∏—Ç–µ –Ω–∞ –ø—Ä–æ–¥—É–∫—Ç—ã, —Ä–µ—Å—Ç–æ—Ä–∞–Ω—ã –∏ —Ç–∞–∫—Å–∏. –ö—Ä–µ–¥–∏—Ç–Ω–∞—è –∫–∞—Ä—Ç–∞ –¥–∞—Å—Ç –¥–æ 10% –∫–µ—à–±—ç–∫–∞ –≤ –ª—é–±–∏–º—ã—Ö –∫–∞—Ç–µ–≥–æ—Ä–∏—è—Ö –ø–ª—é—Å 10% –Ω–∞ –æ–Ω–ª–∞–π–Ω-—É—Å–ª—É–≥–∏. –û—Ñ–æ—Ä–º–∏—Ç—å –∫–∞—Ä—Ç—É"
47,–ö—Ä–µ–¥–∏—Ç–Ω–∞—è –∫–∞—Ä—Ç–∞,"**–ö–∞–º—à–∞—Ç, –±–æ–ª—å—à–µ –∫–µ—à–±—ç–∫–∞ —Å —Ç—Ä–∞—Ç–∞–º–∏!**\n\n–í–∞—à–∏ —Ç–æ–ø-–∫–∞—Ç–µ–≥–æ—Ä–∏–∏ ‚Äî –ø—Ä–æ–¥—É–∫—Ç—ã, —Ä–µ—Å—Ç–æ—Ä–∞–Ω—ã –∏ —Ç–∞–∫—Å–∏. –ö—Ä–µ–¥–∏—Ç–Ω–∞—è –∫–∞—Ä—Ç–∞ –¥–∞—ë—Ç –¥–æ 10% –≤ –ª—é–±–∏–º—ã—Ö –∫–∞—Ç–µ–≥–æ—Ä–∏—è—Ö –ø–ª—é—Å 2 –º–µ—Å—è—Ü–∞ –±–µ–∑ –ø–µ—Ä–µ–ø–ª–∞—Ç. –û—Ñ–æ—Ä–º–∏—Ç—å –∫–∞—Ä—Ç—É."
48,–ö—Ä–µ–¥–∏—Ç–Ω–∞—è –∫–∞—Ä—Ç–∞,"**–ï—Ä–∂–∞–Ω, –≤—ã–≥–æ–¥–∞ –≤ –≤–∞—à–∏—Ö —Ç—Ä–∞—Ç–∞—Ö!**\n\n–í–∞—à–∏ —Ç–æ–ø-–∫–∞—Ç–µ–≥–æ—Ä–∏–∏ ‚Äî –ø—Ä–æ–¥—É–∫—Ç—ã, —Ä–µ—Å—Ç–æ—Ä–∞–Ω—ã –∏ —Ç–∞–∫—Å–∏. –ö—Ä–µ–¥–∏—Ç–Ω–∞—è –∫–∞—Ä—Ç–∞ –¥–∞—ë—Ç –¥–æ 10% –∫–µ—à–±—ç–∫–∞ –≤ –ª—é–±–∏–º—ã—Ö –∫–∞—Ç–µ–≥–æ—Ä–∏—è—Ö, –∫–æ—Ç–æ—Ä—ã–µ –≤—ã –≤—ã–±–∏—Ä–∞–µ—Ç–µ –∫–∞–∂–¥—ã–π –º–µ—Å—è—Ü, –ø–ª—é—Å 10% –Ω–∞ –æ–Ω–ª–∞–π–Ω-—É—Å–ª—É–≥–∏. –û—Ñ–æ—Ä–º–∏—Ç—å –∫–∞—Ä—Ç—É"
49,–ü—Ä–µ–º–∏–∞–ª—å–Ω–∞—è –∫–∞—Ä—Ç–∞,"**–ê–º–∏–Ω–∞, –≤—Ä–µ–º—è –¥–ª—è –ø—Ä–µ–º–∏–∞–ª—å–Ω—ã—Ö –≤–æ–∑–º–æ–∂–Ω–æ—Å—Ç–µ–π**\n\n–ê–º–∏–Ω–∞, –≤—ã —É–∂–µ –æ—Å–≤–æ–∏–ª–∏ –∏–Ω–≤–µ—Å—Ç–∏—Ü–∏–∏ ‚Äî –æ—Ç–ª–∏—á–Ω—ã–π —Å—Ç–∞—Ä—Ç! –ü—Ä–µ–º–∏–∞–ª—å–Ω–∞—è –∫–∞—Ä—Ç–∞ —Å—Ç–∞–Ω–µ—Ç –∏–¥–µ–∞–ª—å–Ω—ã–º –¥–æ–ø–æ–ª–Ω–µ–Ω–∏–µ–º: 2-4% –∫–µ—à–±—ç–∫ –Ω–∞ –≤—Å–µ –ø–æ–∫—É–ø–∫–∏ –∏ –±–µ—Å–ø–ª–∞—Ç–Ω—ã–µ –ø–µ—Ä–µ–≤–æ–¥—ã. –û—Ñ–æ—Ä–º–∏—Ç—å –∫–∞—Ä—Ç—É."
50,–î–µ–ø–æ–∑–∏—Ç —Å–±–µ—Ä–µ–≥–∞—Ç–µ–ª—å–Ω—ã–π,"**–¢–∏–º—É—Ä–ª–∞–Ω, –≤—Ä–µ–º—è –∑–∞—Ñ–∏–∫—Å–∏—Ä–æ–≤–∞—Ç—å –ø—Ä–∏–±—ã–ª—å?**\n\n–í–∏–¥–∏–º –∞–∫—Ç–∏–≤–Ω–æ—Å—Ç—å –≤ –∏–Ω–≤–µ—Å—Ç–∏—Ü–∏—è—Ö ‚Äî –æ—Ç–ª–∏—á–Ω–∞—è —Å—Ç—Ä–∞—Ç–µ–≥–∏—è. –°–±–µ—Ä–µ–≥–∞—Ç–µ–ª—å–Ω—ã–π –¥–µ–ø–æ–∑–∏—Ç –ø–æ–¥ 16,50% –ø–æ–º–æ–∂–µ—Ç –¥–∏–≤–µ—Ä—Å–∏—Ñ–∏—Ü–∏—Ä–æ–≤–∞—Ç—å –ø–æ—Ä—Ç—Ñ–µ–ª—å –∏ –≥–∞—Ä–∞–Ω—Ç–∏—Ä–æ–≤–∞–Ω–Ω–æ –ø—Ä–∏—É–º–Ω–æ–∂–∏—Ç—å —á–∞—Å—Ç—å —Å—Ä–µ–¥—Å—Ç–≤. –û—Ç–∫—Ä—ã—Ç—å –≤–∫–ª–∞–¥."
51,–ü—Ä–µ–º–∏–∞–ª—å–Ω–∞—è –∫–∞—Ä—Ç–∞,"**–ñ–∞–Ω–∞—Ç, –≤—Ä–µ–º—è –¥–ª—è –ø—Ä–µ–º–∏–∞–ª—å–Ω—ã—Ö –≤–æ–∑–º–æ–∂–Ω–æ—Å—Ç–µ–π**\n\n–ñ–∞–Ω–∞—Ç, –≤—ã —É–∂–µ –∏–Ω–≤–µ—Å—Ç–∏—Ä—É–µ—Ç–µ ‚Äî –æ—Ç–ª–∏—á–Ω—ã–π —Å—Ç–∞—Ä—Ç! –ü—Ä–µ–º–∏–∞–ª—å–Ω–∞—è –∫–∞—Ä—Ç–∞ –¥–æ–ø–æ–ª–Ω–∏—Ç –≤–∞—à –ø–æ—Ä—Ç—Ñ–µ–ª—å: 2-4% –∫–µ—à–±—ç–∫ —Å –ø–æ–∫—É–ø–æ–∫, –±–µ—Å–ø–ª–∞—Ç–Ω—ã–µ –ø–µ—Ä–µ–≤–æ–¥—ã –∏ —Å–Ω—è—Ç–∏–µ –Ω–∞–ª–∏—á–Ω—ã—Ö –¥–æ 3 –º–ª–Ω ‚Ç∏/–º–µ—Å. –û—Ñ–æ—Ä–º–∏—Ç—å –∫–∞—Ä—Ç—É."
52,–î–µ–ø–æ–∑–∏—Ç —Å–±–µ—Ä–µ–≥–∞—Ç–µ–ª—å–Ω—ã–π,"–ú–∏–ª–∞–Ω–∞, –≤—Ä–µ–º—è –∑–∞—Ñ–∏–∫—Å–∏—Ä–æ–≤–∞—Ç—å –ø—Ä–∏–±—ã–ª—å?\n\n–í–∞—à –∏–Ω–≤–µ—Å—Ç–∏—Ü–∏–æ–Ω–Ω—ã–π –ø–æ—Ä—Ç—Ñ–µ–ª—å –∞–∫—Ç–∏–≤–Ω–æ —Ä–∞–±–æ—Ç–∞–µ—Ç. –°–±–µ—Ä–µ–≥–∞—Ç–µ–ª—å–Ω—ã–π –¥–µ–ø–æ–∑–∏—Ç –ø–æ–¥ 16,50% –ø–æ–º–æ–∂–µ—Ç —Å–æ—Ö—Ä–∞–Ω–∏—Ç—å —á–∞—Å—Ç—å —Å—Ä–µ–¥—Å—Ç–≤ —Å –≥–∞—Ä–∞–Ω—Ç–∏—Ä–æ–≤–∞–Ω–Ω—ã–º –¥–æ—Ö–æ–¥–æ–º. –î–∏–≤–µ—Ä—Å–∏—Ñ–∏–∫–∞—Ü–∏—è —Å–Ω–∏–∂–∞–µ—Ç —Ä–∏—Å–∫–∏ –∏ —Å—Ç–∞–±–∏–ª–∏–∑–∏—Ä—É–µ—Ç –¥–æ—Ö–æ–¥–Ω–æ—Å—Ç—å.\n\n–û—Ç–∫—Ä—ã—Ç—å –¥–µ–ø–æ–∑–∏—Ç"
53,–ü—Ä–µ–º–∏–∞–ª—å–Ω–∞—è –∫–∞—Ä—Ç–∞,"**–†–∞—Å—É–ª, –≤—Ä–µ–º—è –¥–ª—è –ø—Ä–µ–º–∏—É–º-—É—Ä–æ–≤–Ω—è**\n\n–†–∞—Å—É–ª, –≤—ã –∞–∫—Ç–∏–≤–Ω–æ –∏–Ω–≤–µ—Å—Ç–∏—Ä—É–µ—Ç–µ –∏ –ø–æ–∫–∞–∑—ã–≤–∞–µ—Ç–µ —Ñ–∏–Ω–∞–Ω—Å–æ–≤—É—é –≥—Ä–∞–º–æ—Ç–Ω–æ—Å—Ç—å. –ü—Ä–µ–º–∏–∞–ª—å–Ω–∞—è –∫–∞—Ä—Ç–∞ –¥–∞—Å—Ç –≤–∞–º 2-4% –∫–µ—à–±—ç–∫ —Å –ø–æ–∫—É–ø–æ–∫, –±–µ—Å–ø–ª–∞—Ç–Ω—ã–µ –ø–µ—Ä–µ–≤–æ–¥—ã –∏ —Å–Ω—è—Ç–∏–µ –Ω–∞–ª–∏—á–Ω—ã—Ö –ø–æ –º–∏—Ä—É –¥–æ 3 –º–ª–Ω ‚Ç∏/–º–µ—Å. –û—Ñ–æ—Ä–º–∏—Ç—å –∫–∞—Ä—Ç—É"
54,–î–µ–ø–æ–∑–∏—Ç —Å–±–µ—Ä–µ–≥–∞—Ç–µ–ª—å–Ω—ã–π,"**–í–∏–∫—Ç–æ—Ä–∏—è, —Å—Ç–∞–±–∏–ª—å–Ω—ã–π –¥–æ—Ö–æ–¥ ‚Äî —ç—Ç–æ –æ—Ç–ª–∏—á–Ω–æ!**\n\n–í–∏–∫—Ç–æ—Ä–∏—è, –≤—ã –∞–∫—Ç–∏–≤–Ω–æ –∏–Ω–≤–µ—Å—Ç–∏—Ä—É–µ—Ç–µ, –Ω–æ —á–∞—Å—Ç—å —Å—Ä–µ–¥—Å—Ç–≤ –º–æ–∂–Ω–æ —Ä–∞–∑–º–µ—Å—Ç–∏—Ç—å –Ω–∞ —Å–±–µ—Ä–µ–≥–∞—Ç–µ–ª—å–Ω–æ–º –¥–µ–ø–æ–∑–∏—Ç–µ –ø–æ–¥ 16,50%. –ì–∞—Ä–∞–Ω—Ç–∏—Ä–æ–≤–∞–Ω–Ω—ã–π –¥–æ—Ö–æ–¥ –±–µ–∑ —Ä–∏—Å–∫–æ–≤ ‚Äî —Ö–æ—Ä–æ—à–µ–µ –¥–æ–ø–æ–ª–Ω–µ–Ω–∏–µ –∫ –ø–æ—Ä—Ç—Ñ–µ–ª—é. –û—Ç–∫—Ä—ã—Ç—å –≤–∫–ª–∞–¥."
55,–î–µ–ø–æ–∑–∏—Ç —Å–±–µ—Ä–µ–≥–∞—Ç–µ–ª—å–Ω—ã–π,"**–£–≤–µ–ª–∏—á—å—Ç–µ –¥–æ—Ö–æ–¥–Ω–æ—Å—Ç—å –≤–ª–æ–∂–µ–Ω–∏–π**\n\n–ê—Å–µ–ª—å, –≤—ã —É–∂–µ –∏–Ω–≤–µ—Å—Ç–∏—Ä—É–µ—Ç–µ –≤ –∑–æ–ª–æ—Ç–æ ‚Äî –æ—Ç–ª–∏—á–Ω–∞—è —Å—Ç—Ä–∞—Ç–µ–≥–∏—è! –î–æ–ø–æ–ª–Ω–∏—Ç–µ –ø–æ—Ä—Ç—Ñ–µ–ª—å —Å–±–µ—Ä–µ–≥–∞—Ç–µ–ª—å–Ω—ã–º –¥–µ–ø–æ–∑–∏—Ç–æ–º –ø–æ–¥ 16,50% –≥–æ–¥–æ–≤—ã—Ö. –ù–∞–¥—ë–∂–Ω–∞—è –∑–∞—â–∏—Ç–∞ KDIF –∏ —Å—Ç–∞–±–∏–ª—å–Ω—ã–π –¥–æ—Ö–æ–¥. –û—Ç–∫—Ä—ã—Ç—å –≤–∫–ª–∞–¥."
56,–ö–∞—Ä—Ç–∞ –¥–ª—è –ø—É—Ç–µ—à–µ—Å—Ç–≤–∏–π,"**–ù—É—Ä–∫–µ–Ω, –ø–æ—Ä–∞ –≤ –ø—É—Ç—å!**\n\n–í –∞–≤–≥—É—Å—Ç–µ –∑–∞–º–µ—Ç–∏–ª–∏ –≤–∞—à–∏ –ø–æ–µ–∑–¥–∫–∏. –ö–∞—Ä—Ç–∞ –¥–ª—è –ø—É—Ç–µ—à–µ—Å—Ç–≤–∏–π –≤–µ—Ä–Ω—ë—Ç 4% –∫–µ—à–±—ç–∫–∞ –Ω–∞ —Ç–∞–∫—Å–∏, –∞–≤–∏–∞–±–∏–ª–µ—Ç—ã –∏ –æ—Ç–µ–ª–∏. –ü–ª—é—Å –ø—Ä–∏–≤–∏–ª–µ–≥–∏–∏ Visa Signature –¥–ª—è –∫–æ–º—Ñ–æ—Ä—Ç–Ω—ã—Ö –ø–æ–µ–∑–¥–æ–∫.\n\n–û—Ñ–æ—Ä–º–∏—Ç—å –∫–∞—Ä—Ç—É"
57,–î–µ–ø–æ–∑–∏—Ç —Å–±–µ—Ä–µ–≥–∞—Ç–µ–ª—å–Ω—ã–π,"**–ñ–∞–Ω–∏—è, —É–¥–≤–æ–π—Ç–µ –¥–æ—Ö–æ–¥–Ω–æ—Å—Ç—å —Å–±–µ—Ä–µ–∂–µ–Ω–∏–π**\n\n–í—ã —É–∂–µ –∏–Ω–≤–µ—Å—Ç–∏—Ä—É–µ—Ç–µ –≤ –∑–æ–ª–æ—Ç–æ ‚Äî –æ—Ç–ª–∏—á–Ω–æ–µ —Ä–µ—à–µ–Ω–∏–µ –¥–ª—è —Å–æ—Ö—Ä–∞–Ω–µ–Ω–∏—è –∫–∞–ø–∏—Ç–∞–ª–∞. –î–æ–ø–æ–ª–Ω–∏—Ç–µ –ø–æ—Ä—Ç—Ñ–µ–ª—å —Å–±–µ—Ä–µ–≥–∞—Ç–µ–ª—å–Ω—ã–º –¥–µ–ø–æ–∑–∏—Ç–æ–º –ø–æ–¥ 16,50% –≥–æ–¥–æ–≤—ã—Ö —Å –∑–∞—â–∏—Ç–æ–π KDIF. –û—Ç–∫—Ä—ã—Ç—å –≤–∫–ª–∞–¥"
58,–ö—Ä–µ–¥–∏—Ç–Ω–∞—è –∫–∞—Ä—Ç–∞,"–°—É–ª—Ç–∞–Ω, –≤–∞—à–∏ —Ç–æ–ø-–∫–∞—Ç–µ–≥–æ—Ä–∏–∏ ‚Äî –ø—Ä–æ–¥—É–∫—Ç—ã, —Ä–µ—Å—Ç–æ—Ä–∞–Ω—ã –∏ —Ç–∞–∫—Å–∏. –ö—Ä–µ–¥–∏—Ç–Ω–∞—è –∫–∞—Ä—Ç–∞ –¥–∞—ë—Ç –¥–æ 10% –∫–µ—à–±—ç–∫–∞ –≤ –ª—é–±–∏–º—ã—Ö –∫–∞—Ç–µ–≥–æ—Ä–∏—è—Ö –∏ –Ω–∞ –æ–Ω–ª–∞–π–Ω-—Å–µ—Ä–≤–∏—Å—ã. –û—Ñ–æ—Ä–º–∏—Ç—å –∫–∞—Ä—Ç—É."
59,–î–µ–ø–æ–∑–∏—Ç —Å–±–µ—Ä–µ–≥–∞—Ç–µ–ª—å–Ω—ã–π,"**–î–∏–Ω–∞—Ä–∞, –≤—Ä–µ–º—è —É–∫—Ä–µ–ø–∏—Ç—å –ø–æ—Ä—Ç—Ñ–µ–ª—å**\n\n–í—ã —É–∂–µ –∏–Ω–≤–µ—Å—Ç–∏—Ä—É–µ—Ç–µ –≤ –∑–æ–ª–æ—Ç–æ ‚Äî –º—É–¥—Ä–æ–µ —Ä–µ—à–µ–Ω–∏–µ. –°–±–µ—Ä–µ–≥–∞—Ç–µ–ª—å–Ω—ã–π –¥–µ–ø–æ–∑–∏—Ç –ø–æ–¥ 16,50% –¥–æ–ø–æ–ª–Ω–∏—Ç —Å—Ç—Ä–∞—Ç–µ–≥–∏—é: —Å—Ç–∞–±–∏–ª—å–Ω—ã–π –¥–æ—Ö–æ–¥ –ø–ª—é—Å –∑–∞—â–∏—Ç–∞ —Å—Ä–µ–¥—Å—Ç–≤. –û—Ç–∫—Ä—ã—Ç—å –¥–µ–ø–æ–∑–∏—Ç"
60,–ö—Ä–µ–¥–∏—Ç–Ω–∞—è –∫–∞—Ä—Ç–∞,"**–ë–æ–ª—å—à–µ –∫–µ—à–±—ç–∫–∞ —Å –≤–∞—à–∏—Ö —Ç—Ä–∞—Ç**\n\n–ï—Ä–º–µ–∫, –≤–∞—à–∏ —Ç–æ–ø-–∫–∞—Ç–µ–≥–æ—Ä–∏–∏ ‚Äî –ø—Ä–æ–¥—É–∫—Ç—ã, —Ä–µ—Å—Ç–æ—Ä–∞–Ω—ã –∏ —Ç–∞–∫—Å–∏. –ö—Ä–µ–¥–∏—Ç–Ω–∞—è –∫–∞—Ä—Ç–∞ –¥–∞—ë—Ç –¥–æ 10% –≤ –ª—é–±–∏–º—ã—Ö –∫–∞—Ç–µ–≥–æ—Ä–∏—è—Ö –∏ –Ω–∞ –æ–Ω–ª–∞–π–Ω-—Å–µ—Ä–≤–∏—Å—ã. –û—Ñ–æ—Ä–º–∏—Ç—å –∫–∞—Ä—Ç—É."
